datetime,open,high,low,close
2026-03-05 00:00,1.0847,1.0853,1.0839,1.0841
2026-03-05 01:00,1.0841,1.0850,1.0835,1.0849
2026-03-05 02:00,1.0849,1.0856,1.0840,1.0852
2026-03-05 03:00,1.0852,1.0861,1.0848,1.0858
2026-03-05 04:00,1.0858,1.0864,1.0850,1.0853
2026-03-05 05:00,1.0853,1.0860,1.0847,1.0856
2026-03-05 06:00,1.0856,1.0869,1.0854,1.0867
2026-03-05 07:00,1.0867,1.0875,1.0862,1.0871
2026-03-05 08:00,1.0871,1.0880,1.0865,1.0878
2026-03-05 09:00,1.0878,1.0886,1.0870,1.0883
2026-03-05 10:00,1.0883,1.0892,1.0876,1.0889
2026-03-05 11:00,1.0889,1.0895,1.0881,1.0884
2026-03-05 12:00,1.0884,1.0890,1.0877,1.0881
2026-03-05 13:00,1.0881,1.0889,1.0873,1.0886
2026-03-05 14:00,1.0886,1.0898,1.0882,1.0895
2026-03-05 15:00,1.0895,1.0904,1.0890,1.0899
2026-03-05 16:00,1.0899,1.0907,1.0892,1.0903
2026-03-05 17:00,1.0903,1.0912,1.0898,1.0909
2026-03-05 18:00,1.0909,1.0916,1.0902,1.0905
2026-03-05 19:00,1.0905,1.0913,1.0897,1.0900
2026-03-05 20:00,1.0900,1.0908,1.0894,1.0906
2026-03-05 21:00,1.0906,1.0915,1.0901,1.0912
2026-03-05 22:00,1.0912,1.0920,1.0906,1.0917
2026-03-05 23:00,1.0917,1.0928,1.0911,1.0924
2026-03-06 00:00,1.0924,1.0931,1.0916,1.0920
2026-03-06 01:00,1.0920,1.0927,1.0914,1.0919
2026-03-06 02:00,1.0919,1.0925,1.0910,1.0913
2026-03-06 03:00,1.0913,1.0920,1.0907,1.0916
2026-03-06 04:00,1.0916,1.0924,1.0911,1.0919
2026-03-06 05:00,1.0919,1.0928,1.0913,1.0925
2026-03-06 06:00,1.0925,1.0934,1.0920,1.0930
2026-03-06 07:00,1.0930,1.0939,1.0926,1.0936
2026-03-06 08:00,1.0936,1.0944,1.0931,1.0939
2026-03-06 09:00,1.0939,1.0948,1.0934,1.0945
2026-03-06 10:00,1.0945,1.0952,1.0940,1.0948
2026-03-06 11:00,1.0948,1.0956,1.0943,1.0951
2026-03-06 12:00,1.0951,1.0959,1.0946,1.0955
2026-03-06 13:00,1.0955,1.0964,1.0950,1.0961
2026-03-06 14:00,1.0961,1.0969,1.0954,1.0965
2026-03-06 15:00,1.0965,1.0973,1.0960,1.0969
2026-03-06 16:00,1.0969,1.0978,1.0964,1.0974
2026-03-06 17:00,1.0974,1.0986,1.0970,1.0980
2026-03-06 18:00,1.0980,1.0989,1.0975,1.0983
2026-03-06 19:00,1.0983,1.0991,1.0978,1.0987
2026-03-06 20:00,1.0987,1.0996,1.0982,1.0992
2026-03-06 21:00,1.0992,1.1000,1.0987,1.0997
2026-03-06 22:00,1.0997,1.1005,1.0990,1.0999
2026-03-06 23:00,1.0999,1.1008,1.0993,1.1004
2026-03-07 00:00,1.1004,1.1012,1.0999,1.1008
2026-03-07 01:00,1.1008,1.1016,1.1003,1.1014
2026-03-07 02:00,1.1014,1.1020,1.1009,1.1017
2026-03-07 03:00,1.1017,1.1025,1.1012,1.1021
2026-03-07 04:00,1.1021,1.1029,1.1016,1.1027
2026-03-07 05:00,1.1027,1.1035,1.1022,1.1031
2026-03-07 06:00,1.1031,1.1039,1.1026,1.1036
2026-03-07 07:00,1.1036,1.1042,1.1030,1.1038
2026-03-07 08:00,1.1038,1.1046,1.1034,1.1043
2026-03-07 09:00,1.1043,1.1050,1.1039,1.1048
2026-03-07 10:00,1.1048,1.1057,1.1042,1.1054
2026-03-07 11:00,1.1054,1.1063,1.1049,1.1059
2026-03-07 12:00,1.1059,1.1068,1.1053,1.1064
2026-03-07 13:00,1.1064,1.1072,1.1058,1.1069
2026-03-07 14:00,1.1069,1.1076,1.1062,1.1071
2026-03-07 15:00,1.1071,1.1080,1.1066,1.1077
2026-03-07 16:00,1.1077,1.1085,1.1072,1.1081
2026-03-07 17:00,1.1081,1.1089,1.1076,1.1086
2026-03-07 18:00,1.1086,1.1094,1.1080,1.1090
2026-03-07 19:00,1.1090,1.1098,1.1084,1.1093
2026-03-07 20:00,1.1093,1.1102,1.1088,1.1099
2026-03-07 21:00,1.1099,1.1108,1.1093,1.1105
2026-03-07 22:00,1.1105,1.1114,1.1100,1.1109
2026-03-07 23:00,1.1109,1.1118,1.1104,1.1115
2026-03-08 00:00,1.1115,1.1122,1.1108,1.1110
2026-03-08 01:00,1.1110,1.1118,1.1105,1.1113
2026-03-08 02:00,1.1113,1.1121,1.1107,1.1119
2026-03-08 03:00,1.1119,1.1128,1.1114,1.1124
2026-03-08 04:00,1.1124,1.1132,1.1119,1.1128
2026-03-08 05:00,1.1128,1.1136,1.1123,1.1133
2026-03-08 06:00,1.1133,1.1141,1.1128,1.1139
2026-03-08 07:00,1.1139,1.1147,1.1134,1.1144
2026-03-08 08:00,1.1144,1.1152,1.1139,1.1149
2026-03-08 09:00,1.1149,1.1158,1.1143,1.1155
2026-03-08 10:00,1.1155,1.1163,1.1150,1.1159
2026-03-08 11:00,1.1159,1.1166,1.1153,1.1162
2026-03-08 12:00,1.1162,1.1170,1.1157,1.1168
2026-03-08 13:00,1.1168,1.1176,1.1162,1.1173
2026-03-08 14:00,1.1173,1.1182,1.1167,1.1178
2026-03-08 15:00,1.1178,1.1185,1.1171,1.1179
2026-03-08 16:00,1.1179,1.1188,1.1174,1.1184
2026-03-08 17:00,1.1184,1.1192,1.1179,1.1189
2026-03-08 18:00,1.1189,1.1197,1.1183,1.1194
2026-03-08 19:00,1.1194,1.1202,1.1188,1.1198
2026-03-08 20:00,1.1198,1.1206,1.1192,1.1203
2026-03-08 21:00,1.1203,1.1211,1.1197,1.1209
2026-03-08 22:00,1.1209,1.1218,1.1204,1.1214
2026-03-08 23:00,1.1214,1.1223,1.1208,1.1219