timestamp,text,author_id,followers,account_age_days,verified,posts_per_day
2026-03-05 00:12,EUR/USD steadies after weak US data; traders cautious ahead of CPI.,auth_001,15200,420,False,3.2
2026-03-05 00:45,Euro-area survey shows modest improvement in services; common currency little changed.,auth_002,8450,610,False,1.1
2026-03-05 01:03,Big bank downgrades EUR forecast for Q2 citing growth concerns.,auth_003,45200,1200,True,5.0
2026-03-05 01:27,Options flow suggests increased demand for EUR calls into month-end.,auth_004,6200,95,False,0.8
2026-03-05 02:10,Flash PMI beat in Germany — EUR pares losses.,auth_005,17400,780,True,2.7
2026-03-05 02:33,Traders await Fed minutes; volatility expected during NY session.,auth_006,3900,210,False,1.9
2026-03-05 03:05,Speculative short-covering lifts EUR/USD by ~20 pips.,auth_007,2500,60,False,0.6
2026-03-05 03:48,Central bank speaker to address inflation outlook today.,auth_008,9800,430,True,2.3
2026-03-05 04:15,Technical levels: 1.0900 resistance and 1.0820 support.,auth_009,1500,34,False,0.4
2026-03-05 04:59,FX swaps show steady demand for EUR funding.,auth_010,7600,540,False,1.2
2026-03-05 05:20,Macro calendar light overnight; range-bound trading likely.,auth_011,820,17,False,0.2
2026-03-05 05:47,Retail flows favor EUR/USD buyers amid dips.,auth_012,4300,260,False,0.9
2026-03-05 06:11,Cross-rate weakness in GBP supports EUR gains.,auth_013,21000,980,True,4.1
2026-03-05 06:38,Algorithmic desk increases bid size at 1.0850.,auth_014,670,12,False,0.5
2026-03-05 07:02,Macro hedge funds trimming EUR shorts into open.,auth_015,5400,310,False,1.6
2026-03-05 07:30,Inflation-linked swaps pricing hints at slower disinflation.,auth_016,12900,660,True,2.9
2026-03-05 08:05,Liquidity thin ahead of London holidays.,auth_017,920,45,False,0.7
2026-03-05 08:41,Retail economic surprise index points to upside risk.,auth_018,3300,150,False,1.0
2026-03-05 09:15,Traders cite option expiries near 1.0920.,auth_019,4800,240,False,1.4
2026-03-05 09:46,European equities firm; EUR benefits mildly.,auth_020,11200,890,True,3.5
2026-03-05 10:10,Hawkish comments from Fed official rattles risk assets.,auth_021,27500,1400,True,6.2
2026-03-05 10:39,Order books show stop levels clustered under 1.0840.,auth_022,1900,80,False,0.6
2026-03-05 11:05,Volatility indices tick higher ahead of CPI print.,auth_023,5400,470,False,1.8
2026-03-05 11:33,Correlation between yields and EUR/USD strengthens.,auth_024,3700,300,False,1.0
2026-03-05 12:01,High-frequency desks reducing exposure into US open.,auth_025,2600,55,False,0.9
2026-03-05 12:29,Macro strategist publishes note: overweight EUR into Q3.,auth_026,20100,1500,True,4.8
2026-03-05 12:58,Short-term implied vols climb; cheap tail risk buying observed.,auth_027,1450,22,False,0.3
2026-03-05 13:20,European PMI data due later — may drive midday moves.,auth_028,3900,410,False,1.2
2026-03-05 13:47,On-chain flows show little FX-related stablecoin activity.,auth_029,900,75,False,0.4
2026-03-05 14:10,Macro funds rebalancing ahead of quarter-end.,auth_030,8200,600,True,2.1
2026-03-05 14:36,Emerging market risk off supports demand for USD.,auth_031,3100,190,False,1.0
2026-03-05 15:05,EUR/USD briefly breaks above intraday SMA50.,auth_032,1600,48,False,0.6
2026-03-05 15:28,Liquidity providers widen spreads around data.,auth_033,700,14,False,0.2
2026-03-05 16:00,Options gamma exposure concentrated between 1.0880-1.0920.,auth_034,4200,360,False,1.3
2026-03-05 16:25,Bank earnings lift risk appetite; EUR pares losses.,auth_035,13800,820,True,3.7
2026-03-05 16:52,Stop-hunt suspected after sharp 15-min move.,auth_036,2600,95,False,0.9
2026-03-05 17:15,Asian session likely to follow US cues.,auth_037,1100,29,False,0.4
2026-03-05 17:44,Central bank reserve managers seen buying EUR on dips.,auth_038,9400,580,True,2.5
2026-03-05 18:10,Technical analysts eye rising wedge pattern.,auth_039,1300,40,False,0.6
2026-03-05 18:38,Flows from exporters lifting EUR demand ahead of settlement.,auth_040,480,7,False,0.1
2026-03-05 19:05,Implied correlation between EUR pairs tightens.,auth_041,2900,200,False,1.1
2026-03-05 19:29,Macro bulletin: synchronized slowdown risk priced in.,auth_042,15400,1020,True,4.4
2026-03-05 19:55,Order book depth improves after initial shock.,auth_043,800,16,False,0.3
2026-03-05 20:22,EUR option skew steepens as traders hedge downside.,auth_044,2100,120,False,0.9
2026-03-05 20:50,Retail demand returns post-US-session; EUR rises.,auth_045,1700,65,False,0.5
2026-03-05 21:18,Liquidity providers reducing risk ahead of European close.,auth_046,600,30,False,0.4
2026-03-05 21:45,Carry trades re-initiated as funding costs normalize.,auth_047,9200,700,True,2.6
2026-03-05 22:10,Intraday mean reversion visible after 1-hour spike.,auth_048,1400,21,False,0.7
2026-03-05 22:38,Market-implied breakevens suggest stable EUR pricing.,auth_049,3300,270,False,1.0
2026-03-05 23:05,Algorithmic momentum strategies triggered buys near 1.0900.,auth_050,4100,350,False,1.5
2026-03-05 23:33,End-of-day positioning shows small long bias in EUR.,auth_051,2800,150,False,0.8
2026-03-06 00:10,Asia morning: thin liquidity; watch for larger gaps.,auth_052,950,18,False,0.3
2026-03-06 00:38,Speculators increasing long-dated EUR call interest.,auth_053,6200,420,False,1.7
2026-03-06 01:05,EUR/USD trades with mild positive skew into London.,auth_054,1800,90,False,0.9
2026-03-06 01:33,NDF markets show modest EUR demand versus USD.,auth_055,4700,330,False,1.2
2026-03-06 02:01,Macro strategist: prefer long EUR vs commodity FX.,auth_056,12500,940,True,3.9
2026-03-06 02:29,Eurozone Q1 GDP preview indicates soft patch.,auth_057,3600,210,False,1.0
2026-03-06 02:58,High-frequency indicators show pickup in EUR buying.,auth_058,1400,44,False,0.6
2026-03-06 03:24,Bank holiday in Scandinavia reduces liquidity.,auth_059,700,60,False,0.2
2026-03-06 03:51,Short covering visible in late Asian trade.,auth_060,2500,130,False,0.8
2026-03-06 04:20,Late orders from corporates lift EUR demand into settlement.,auth_061,1900,75,False,0.7
2026-03-06 04:48,Macro data revisions point to milder slowdown.,auth_062,8300,560,True,2.4
2026-03-06 05:15,Tech-driven stop clusters noted beneath 1.0860.,auth_063,1500,27,False,0.5
2026-03-06 05:42,Liquidity providers hedge using short-dated options.,auth_064,2400,140,False,1.1
2026-03-06 06:08,European yields firm; EUR picks up marginally.,auth_065,9900,760,True,3.0
2026-03-06 06:35,Flows from Asia are neutral today.,auth_066,600,11,False,0.2
2026-03-06 07:02,Macro positioning suggests low gamma environment.,auth_067,4100,310,False,1.2
2026-03-06 07:29,Derivatives desks note increased outright vols.,auth_068,3300,190,False,1.0
2026-03-06 07:57,Central bank minutes due later this week; markets light.,auth_069,12800,880,True,3.8
2026-03-06 08:25,FX swaps indicate slightly higher EUR funding demand.,auth_070,2300,100,False,0.9
2026-03-06 08:51,Retail flow data: balanced buy/sell across EUR/USD.,auth_071,1100,24,False,0.3
2026-03-06 09:18,Options expiries concentrated at 1.0950 this week.,auth_072,4700,360,False,1.4
2026-03-06 09:45,Macro surprise index points to downside risk for EUR.,auth_073,5200,400,False,1.5
2026-03-06 10:12,Order flow shows skewed sell-side liquidity.,auth_074,1600,46,False,0.6
2026-03-06 10:40,Volatility term structure steepens into month-end.,auth_075,7600,610,True,2.2
2026-03-06 11:07,Traders eye 1.1000 psychological level.,auth_076,9300,700,True,2.7
2026-03-06 11:33,European CPI preview suggests slight upside risk.,auth_077,6500,520,False,1.6
2026-03-06 12:00,Macro hedge funds increase directional exposure.,auth_078,3700,280,False,1.1
2026-03-06 12:27,Cross-asset flows favor equities; EUR benefits.,auth_079,14200,980,True,4.0
2026-03-06 12:55,Liquidity thin in early US session; watch gaps.,auth_080,800,19,False,0.3
2026-03-06 13:22,Retail positioning shows EUR long bias.,auth_081,2100,85,False,0.9
2026-03-06 13:49,Technicals: RSI divergence forms on 4H.,auth_082,1300,33,False,0.4
2026-03-06 14:16,Macro desk notes lower-than-expected FX carry returns.,auth_083,5400,410,False,1.3
2026-03-06 14:45,Bank flow: corporate M&A hedges lifting EUR demand.,auth_084,2900,150,False,0.8
2026-03-06 15:10,Market makers trim inventories into close.,auth_085,700,20,False,0.2
2026-03-06 15:38,EUR/USD range tightens ahead of US jobs data.,auth_086,15900,1120,True,5.5
2026-03-06 16:05,Sentiment indicators show modest risk-on tilt.,auth_087,4300,330,False,1.0
2026-03-06 16:33,Algorithmic desks note increased mean reversion signals.,auth_088,1800,60,False,0.6
2026-03-06 17:01,Large options block traded at-the-money.,auth_089,2600,140,False,1.2
2026-03-06 17:28,Charts show short-term support holding near 1.0925.,auth_090,1200,38,False,0.5